Date,Not indexed,Indexed,Impressions
2026-07-02,,,12
2026-07-03,,,7
2026-07-04,,,1
2026-07-05,,,4
2026-07-06,,,15
2026-07-07,,,12
2026-07-08,,,16
2026-07-09,,,13
2026-07-10,15,8,13
2026-07-11,15,8,7
2026-07-12,15,8,7
2026-07-13,15,8,20
2026-07-14,15,8,14
2026-07-15,15,8,14
2026-07-16,15,8,16
2026-07-17,15,8,15
2026-07-18,15,8,7
2026-07-19,15,8,9
2026-07-20,15,8,22
2026-07-21,15,8,12
2026-07-22,15,8,15
2026-07-23,15,8,19
2026-07-24,15,8,10
2026-07-25,15,8,2
2026-07-26,15,8,1
2026-07-27,15,8,13
2026-07-28,15,8,11
2026-07-29,15,8,11
2026-07-30,15,8,9
2026-07-31,15,8,6
2026-08-01,15,8,6
2026-08-02,15,8,2
2026-08-03,15,8,16
2026-08-04,15,8,11
2026-08-05,15,8,18
2026-08-06,16,7,8
2026-08-07,16,7,11
2026-08-08,16,7,17
2026-08-09,16,7,10
2026-08-10,16,7,13
2026-08-11,16,7,13
2026-08-12,16,7,19
2026-08-13,16,7,13
2026-08-14,16,7,10
2026-08-15,16,7,3
2026-08-16,16,7,4
2026-08-17,16,7,10
2026-08-18,16,8,11
2026-08-19,16,8,12
2026-08-20,16,8,8
2026-08-21,16,8,5
2026-08-22,16,8,6
2026-08-23,16,8,4
2026-08-24,16,8,12
2026-08-25,16,8,13
2026-08-26,16,8,8
2026-08-27,16,8,6
2026-08-28,16,8,8
2026-08-29,16,8,2
2026-08-30,16,8,4
2026-08-31,16,8,14
2026-09-01,16,8,17
2026-09-02,16,8,12
2026-09-03,16,8,16
2026-09-04,16,8,6
2026-09-05,19,5,5
2026-09-06,19,5,8
2026-09-07,19,5,22
2026-09-08,19,5,7
2026-09-09,19,5,8
2026-09-10,19,5,10
2026-09-11,19,5,6
2026-09-12,19,5,3
2026-09-13,19,5,3
2026-09-14,19,5,13
2026-09-15,19,5,13
2026-09-16,19,5,12
2026-09-17,19,5,8
2026-09-18,19,5,20
2026-09-19,20,4,8
2026-09-20,20,4,1
2026-09-21,20,4,16