Date,Clicks,Impressions,CTR,Position
2026-06-28,0,1,0%,9
2026-06-29,1,11,9.09%,5.5
2026-06-30,0,5,0%,8.2
2026-07-01,0,7,0%,7.6
2026-07-02,1,12,8.33%,6.3
2026-07-03,0,7,0%,7.9
2026-07-04,0,1,0%,5
2026-07-05,0,4,0%,20
2026-07-06,0,15,0%,6.9
2026-07-07,0,12,0%,7.2
2026-07-08,1,16,6.25%,7.1
2026-07-09,0,13,0%,8.4
2026-07-10,0,13,0%,8
2026-07-11,0,7,0%,9.4
2026-07-12,0,7,0%,7.9
2026-07-13,0,20,0%,8.3
2026-07-14,0,14,0%,7.8
2026-07-15,0,14,0%,9.5
2026-07-16,0,16,0%,8.4
2026-07-17,0,15,0%,9.9
2026-07-18,0,7,0%,7.4
2026-07-19,0,9,0%,9.9
2026-07-20,2,22,9.09%,6.7
2026-07-21,0,12,0%,8.5
2026-07-22,0,15,0%,9.2
2026-07-23,0,19,0%,8.1
2026-07-24,0,10,0%,6.3
2026-07-25,0,2,0%,7
2026-07-26,0,1,0%,12
2026-07-27,0,13,0%,8.5
2026-07-28,0,11,0%,8.3
2026-07-29,0,11,0%,7.8
2026-07-30,0,9,0%,8.7
2026-07-31,0,6,0%,6.3
2026-08-01,0,6,0%,11.2
2026-08-02,0,2,0%,7.5
2026-08-03,0,16,0%,9.2
2026-08-04,0,11,0%,9.8
2026-08-05,0,18,0%,7.7
2026-08-06,0,8,0%,8.4
2026-08-07,0,11,0%,6.5
2026-08-08,0,17,0%,8.3
2026-08-09,0,10,0%,5.2
2026-08-10,0,13,0%,7.7
2026-08-11,0,13,0%,6.2
2026-08-12,0,19,0%,7
2026-08-13,0,13,0%,7.7
2026-08-14,0,10,0%,8.5
2026-08-15,0,3,0%,7.7
2026-08-16,0,4,0%,6.8
2026-08-17,0,10,0%,9.2
2026-08-18,1,11,9.09%,6.9
2026-08-19,0,12,0%,9.6
2026-08-20,0,8,0%,9.2
2026-08-21,0,5,0%,8.6
2026-08-22,0,6,0%,11.2
2026-08-23,0,4,0%,9.2
2026-08-24,0,12,0%,9.2
2026-08-25,0,13,0%,13.1
2026-08-26,0,8,0%,9.1
2026-08-27,1,6,16.67%,7.7
2026-08-28,0,8,0%,8.6
2026-08-29,0,2,0%,8.5
2026-08-30,0,4,0%,7
2026-08-31,0,14,0%,7.2
2026-09-01,0,17,0%,7.2
2026-09-02,1,12,8.33%,5.7
2026-09-03,0,16,0%,9.4
2026-09-04,0,6,0%,8.8
2026-09-05,0,5,0%,5.6
2026-09-06,0,8,0%,4.6
2026-09-07,0,22,0%,7.7
2026-09-08,0,7,0%,9
2026-09-09,0,8,0%,8.8
2026-09-10,1,10,10%,9.3
2026-09-11,0,6,0%,7.8
2026-09-12,0,3,0%,4.7
2026-09-13,0,3,0%,11.3
2026-09-14,1,13,7.69%,10.3
2026-09-15,1,13,7.69%,7.5
2026-09-16,2,12,16.67%,6.9
2026-09-17,1,8,12.5%,7.2
2026-09-18,1,20,5%,9
2026-09-19,0,8,0%,7.8
2026-09-20,0,1,0%,6
2026-09-21,1,16,6.25%,6.9
2026-09-22,0,8,0%,5.8
2026-09-23,0,10,0%,5.1
2026-09-24,0,14,0%,7.9
2026-09-25,0,18,0%,8.2
2026-09-26,0,4,0%,4.2
2026-09-27,0,3,0%,7.7