Top pages,Clicks,Impressions,CTR,Position
https://www.surgex.pt/pt,7,42,16.67%,4.45
https://www.surgex.pt/en/projects/auto-bicesse,6,436,1.38%,6.59
https://www.surgex.pt/,2,11,18.18%,6.45
https://www.surgex.pt/pt/projects/electrician-jorgemendes,1,24,4.17%,3.96
https://www.surgex.pt/pt/projects/mechanic-autochico,0,392,0%,10.11
https://www.surgex.pt/en,0,13,0%,11.62
https://www.surgex.pt/pt/projects/vet-avencas,0,12,0%,9.83
https://www.surgex.pt/pt/projects/barbershop-labarberia,0,6,0%,6.5
https://www.surgex.pt/en/services/websites,0,1,0%,2
https://www.surgex.pt/pt/blog/o-que-e-geo-aeo-pesquisa-ia,0,1,0%,6