Top queries,Clicks,Impressions,CTR,Position
surgex,5,21,23.81%,2.48
surge x,2,4,50%,1.75
auto bicesse maxima,1,53,1.89%,5.06
auto chico,0,168,0%,11.1
bicesse car,0,79,0%,8.76
autochico,0,70,0%,9.77
auto chico cascais,0,66,0%,10.08
pneus bicesse,0,12,0%,9.58
auto bicesse máxima lda alcabideche,0,4,0%,6.25
bicessecar,0,4,0%,21
oficina chico,0,3,0%,9
oficina do chico,0,2,0%,7.5
chico oficina,0,2,0%,8
software,0,2,0%,10
clínica veterinária das avencas,0,2,0%,11
company software,0,1,0%,1
la barberia,0,1,0%,2
mecânica chico,0,1,0%,11
auto chico renault cascais,0,1,0%,17
clinica das avencas,0,1,0%,18
avigex,0,1,0%,40